STUDYID,DOMAIN,USUBJID,CMSEQ,CMTRT,CMMODIFY,CMDECOD,CMCAT,CMSCAT,CMINDC,CMCLAS,CMCLASCD,CMDOSE,CMDOSU,CMDOSFRM,CMDOSFRQ,CMDOSTOT,CMROUTE,CMSTAT,CMREASND,EPOCH,CMSTDTC,CMENDTC,CMSTDY,CMENDY,CMSTRF,CMENRF
MAXIS-08,CM,MAXIS-08-408-001,1,,,,,,,,,,,,,,,,,,,,,,,
MAXIS-08,CM,MAXIS-08-408-001,2,,,,,,,,,,,,,,,,,,,,,,,
MAXIS-08,CM,MAXIS-08-408-001,3,,,,,,,,,,,,,,,,,,,,,,,
MAXIS-08,CM,MAXIS-08-408-001,4,,,,,,,,,,,,,,,,,,,,,,,
MAXIS-08,CM,MAXIS-08-408-001,5,,,,,,,,,,,,,,,,,,,,,,,
MAXIS-08,CM,MAXIS-08-408-001,6,,,,,,,,,,,,,,,,,,,,,,,
MAXIS-08,CM,MAXIS-08-408-001,7,,,,,,,,,,,,,,,,,,,,,,,
MAXIS-08,CM,MAXIS-08-408-001,1,,,,,,,,,,,,,,,,,,,,,,,
MAXIS-08,CM,MAXIS-08-408-001,2,,,,,,,,,,,,,,,,,,,,,,,
MAXIS-08,CM,MAXIS-08-408-001,3,,,,,,,,,,,,,,,,,,,,,,,
MAXIS-08,CM,MAXIS-08-408-001,4,,,,,,,,,,,,,,,,,,,,,,,
MAXIS-08,CM,MAXIS-08-408-001,5,,,,,,,,,,,,,,,,,,,,,,,
MAXIS-08,CM,MAXIS-08-408-001,6,,,,,,,,,,,,,,,,,,,,,,,
MAXIS-08,CM,MAXIS-08-408-001,7,,,,,,,,,,,,,,,,,,,,,,,
MAXIS-08,CM,MAXIS-08-408-001,8,,,,,,,,,,,,,,,,,,,,,,,
MAXIS-08,CM,MAXIS-08-408-001,9,,,,,,,,,,,,,,,,,,,,,,,
MAXIS-08,CM,MAXIS-08-408-001,10,,,,,,,,,,,,,,,,,,,,,,,
MAXIS-08,CM,MAXIS-08-408-001,11,,,,,,,,,,,,,,,,,,,,,,,
MAXIS-08,CM,MAXIS-08-408-001,12,,,,,,,,,,,,,,,,,,,,,,,
MAXIS-08,CM,MAXIS-08-408-001,13,,,,,,,,,,,,,,,,,,,,,,,
MAXIS-08,CM,MAXIS-08-408-001,14,,,,,,,,,,,,,,,,,,,,,,,
MAXIS-08,CM,MAXIS-08-408-001,15,,,,,,,,,,,,,,,,,,,,,,,
MAXIS-08,CM,MAXIS-08-408-001,16,,,,,,,,,,,,,,,,,,,,,,,
MAXIS-08,CM,MAXIS-08-408-001,17,,,,,,,,,,,,,,,,,,,,,,,
MAXIS-08,CM,MAXIS-08-408-001,18,,,,,,,,,,,,,,,,,,,,,,,
MAXIS-08,CM,MAXIS-08-408-001,19,,,,,,,,,,,,,,,,,,,,,,,
MAXIS-08,CM,MAXIS-08-408-001,20,,,,,,,,,,,,,,,,,,,,,,,
MAXIS-08,CM,MAXIS-08-408-001,21,,,,,,,,,,,,,,,,,,,,,,,
MAXIS-08,CM,MAXIS-08-408-001,22,,,,,,,,,,,,,,,,,,,,,,,
MAXIS-08,CM,MAXIS-08-408-001,23,,,,,,,,,,,,,,,,,,,,,,,
MAXIS-08,CM,MAXIS-08-408-001,24,,,,,,,,,,,,,,,,,,,,,,,
MAXIS-08,CM,MAXIS-08-408-001,25,,,,,,,,,,,,,,,,,,,,,,,
MAXIS-08,CM,MAXIS-08-408-001,26,,,,,,,,,,,,,,,,,,,,,,,
MAXIS-08,CM,MAXIS-08-408-001,27,,,,,,,,,,,,,,,,,,,,,,,
MAXIS-08,CM,MAXIS-08-408-001,28,,,,,,,,,,,,,,,,,,,,,,,
MAXIS-08,CM,MAXIS-08-408-001,29,,,,,,,,,,,,,,,,,,,,,,,
MAXIS-08,CM,MAXIS-08-408-001,30,,,,,,,,,,,,,,,,,,,,,,,
MAXIS-08,CM,MAXIS-08-408-001,1,,,,,,,,,,,,,,,,,,,,,,,
MAXIS-08,CM,MAXIS-08-408-001,2,,,,,,,,,,,,,,,,,,,,,,,
MAXIS-08,CM,MAXIS-08-408-001,3,,,,,,,,,,,,,,,,,,,,,,,
MAXIS-08,CM,MAXIS-08-408-001,4,,,,,,,,,,,,,,,,,,,,,,,
MAXIS-08,CM,MAXIS-08-408-001,5,,,,,,,,,,,,,,,,,,,,,,,
MAXIS-08,CM,MAXIS-08-408-001,6,,,,,,,,,,,,,,,,,,,,,,,
MAXIS-08,CM,MAXIS-08-408-001,7,,,,,,,,,,,,,,,,,,,,,,,
MAXIS-08,CM,MAXIS-08-408-001,1,,,,,,,,,,,,,,,,,,,,,,,
MAXIS-08,CM,MAXIS-08-408-001,2,,,,,,,,,,,,,,,,,,,,,,,
MAXIS-08,CM,MAXIS-08-408-001,3,,,,,,,,,,,,,,,,,,,,,,,
MAXIS-08,CM,MAXIS-08-408-001,4,,,,,,,,,,,,,,,,,,,,,,,
MAXIS-08,CM,MAXIS-08-408-001,5,,,,,,,,,,,,,,,,,,,,,,,
MAXIS-08,CM,MAXIS-08-408-001,6,,,,,,,,,,,,,,,,,,,,,,,
MAXIS-08,CM,MAXIS-08-408-001,7,,,,,,,,,,,,,,,,,,,,,,,
MAXIS-08,CM,MAXIS-08-408-001,1,,,,,,,,,,,,,,,,,,,,,,,
MAXIS-08,CM,MAXIS-08-408-001,2,,,,,,,,,,,,,,,,,,,,,,,
MAXIS-08,CM,MAXIS-08-408-001,3,,,,,,,,,,,,,,,,,,,,,,,
MAXIS-08,CM,MAXIS-08-408-001,4,,,,,,,,,,,,,,,,,,,,,,,
MAXIS-08,CM,MAXIS-08-408-001,5,,,,,,,,,,,,,,,,,,,,,,,
MAXIS-08,CM,MAXIS-08-408-001,6,,,,,,,,,,,,,,,,,,,,,,,
MAXIS-08,CM,MAXIS-08-408-001,7,,,,,,,,,,,,,,,,,,,,,,,
MAXIS-08,CM,MAXIS-08-408-001,1,,,,,,,,,,,,,,,,,,,,,,,
MAXIS-08,CM,MAXIS-08-408-001,2,,,,,,,,,,,,,,,,,,,,,,,
MAXIS-08,CM,MAXIS-08-408-001,3,,,,,,,,,,,,,,,,,,,,,,,
MAXIS-08,CM,MAXIS-08-408-001,4,,,,,,,,,,,,,,,,,,,,,,,
MAXIS-08,CM,MAXIS-08-408-001,5,,,,,,,,,,,,,,,,,,,,,,,
MAXIS-08,CM,MAXIS-08-408-001,6,,,,,,,,,,,,,,,,,,,,,,,
MAXIS-08,CM,MAXIS-08-408-001,7,,,,,,,,,,,,,,,,,,,,,,,
MAXIS-08,CM,MAXIS-08-408-001,8,,,,,,,,,,,,,,,,,,,,,,,
MAXIS-08,CM,MAXIS-08-408-001,9,,,,,,,,,,,,,,,,,,,,,,,
MAXIS-08,CM,MAXIS-08-408-001,10,,,,,,,,,,,,,,,,,,,,,,,
MAXIS-08,CM,MAXIS-08-408-001,11,,,,,,,,,,,,,,,,,,,,,,,
MAXIS-08,CM,MAXIS-08-408-001,12,,,,,,,,,,,,,,,,,,,,,,,
MAXIS-08,CM,MAXIS-08-408-001,13,,,,,,,,,,,,,,,,,,,,,,,
MAXIS-08,CM,MAXIS-08-408-001,14,,,,,,,,,,,,,,,,,,,,,,,
MAXIS-08,CM,MAXIS-08-408-001,15,,,,,,,,,,,,,,,,,,,,,,,
MAXIS-08,CM,MAXIS-08-408-001,16,,,,,,,,,,,,,,,,,,,,,,,
MAXIS-08,CM,MAXIS-08-408-001,17,,,,,,,,,,,,,,,,,,,,,,,
MAXIS-08,CM,MAXIS-08-408-001,18,,,,,,,,,,,,,,,,,,,,,,,
MAXIS-08,CM,MAXIS-08-408-001,19,,,,,,,,,,,,,,,,,,,,,,,
MAXIS-08,CM,MAXIS-08-408-001,20,,,,,,,,,,,,,,,,,,,,,,,
MAXIS-08,CM,MAXIS-08-408-001,21,,,,,,,,,,,,,,,,,,,,,,,
MAXIS-08,CM,MAXIS-08-408-001,22,,,,,,,,,,,,,,,,,,,,,,,
MAXIS-08,CM,MAXIS-08-408-001,23,,,,,,,,,,,,,,,,,,,,,,,
MAXIS-08,CM,MAXIS-08-408-001,24,,,,,,,,,,,,,,,,,,,,,,,
MAXIS-08,CM,MAXIS-08-408-001,1,,,,,,,,,,,,,,,,,,,,,,,
MAXIS-08,CM,MAXIS-08-408-001,2,,,,,,,,,,,,,,,,,,,,,,,
MAXIS-08,CM,MAXIS-08-408-001,3,,,,,,,,,,,,,,,,,,,,,,,
MAXIS-08,CM,MAXIS-08-408-001,4,,,,,,,,,,,,,,,,,,,,,,,
MAXIS-08,CM,MAXIS-08-408-001,5,,,,,,,,,,,,,,,,,,,,,,,
MAXIS-08,CM,MAXIS-08-408-001,6,,,,,,,,,,,,,,,,,,,,,,,
MAXIS-08,CM,MAXIS-08-408-001,7,,,,,,,,,,,,,,,,,,,,,,,
MAXIS-08,CM,MAXIS-08-408-001,8,,,,,,,,,,,,,,,,,,,,,,,
MAXIS-08,CM,MAXIS-08-408-001,9,,,,,,,,,,,,,,,,,,,,,,,
MAXIS-08,CM,MAXIS-08-408-001,10,,,,,,,,,,,,,,,,,,,,,,,
MAXIS-08,CM,MAXIS-08-408-001,11,,,,,,,,,,,,,,,,,,,,,,,
MAXIS-08,CM,MAXIS-08-408-001,12,,,,,,,,,,,,,,,,,,,,,,,
MAXIS-08,CM,MAXIS-08-408-001,13,,,,,,,,,,,,,,,,,,,,,,,
MAXIS-08,CM,MAXIS-08-408-001,14,,,,,,,,,,,,,,,,,,,,,,,
MAXIS-08,CM,MAXIS-08-408-001,15,,,,,,,,,,,,,,,,,,,,,,,
MAXIS-08,CM,MAXIS-08-408-001,16,,,,,,,,,,,,,,,,,,,,,,,
MAXIS-08,CM,MAXIS-08-408-001,17,,,,,,,,,,,,,,,,,,,,,,,
MAXIS-08,CM,MAXIS-08-408-001,18,,,,,,,,,,,,,,,,,,,,,,,
MAXIS-08,CM,MAXIS-08-408-001,19,,,,,,,,,,,,,,,,,,,,,,,
MAXIS-08,CM,MAXIS-08-408-001,20,,,,,,,,,,,,,,,,,,,,,,,
MAXIS-08,CM,MAXIS-08-408-001,21,,,,,,,,,,,,,,,,,,,,,,,
MAXIS-08,CM,MAXIS-08-408-001,22,,,,,,,,,,,,,,,,,,,,,,,
MAXIS-08,CM,MAXIS-08-408-001,23,,,,,,,,,,,,,,,,,,,,,,,
MAXIS-08,CM,MAXIS-08-408-001,24,,,,,,,,,,,,,,,,,,,,,,,
MAXIS-08,CM,MAXIS-08-408-001,25,,,,,,,,,,,,,,,,,,,,,,,
MAXIS-08,CM,MAXIS-08-408-001,26,,,,,,,,,,,,,,,,,,,,,,,
MAXIS-08,CM,MAXIS-08-408-001,27,,,,,,,,,,,,,,,,,,,,,,,
MAXIS-08,CM,MAXIS-08-408-001,28,,,,,,,,,,,,,,,,,,,,,,,
MAXIS-08,CM,MAXIS-08-408-001,29,,,,,,,,,,,,,,,,,,,,,,,
MAXIS-08,CM,MAXIS-08-408-001,30,,,,,,,,,,,,,,,,,,,,,,,
MAXIS-08,CM,MAXIS-08-408-001,31,,,,,,,,,,,,,,,,,,,,,,,
MAXIS-08,CM,MAXIS-08-408-001,32,,,,,,,,,,,,,,,,,,,,,,,
MAXIS-08,CM,MAXIS-08-408-001,33,,,,,,,,,,,,,,,,,,,,,,,
MAXIS-08,CM,MAXIS-08-408-001,34,,,,,,,,,,,,,,,,,,,,,,,
MAXIS-08,CM,MAXIS-08-408-001,35,,,,,,,,,,,,,,,,,,,,,,,
MAXIS-08,CM,MAXIS-08-408-001,1,,,,,,,,,,,,,,,,,,,,,,,
MAXIS-08,CM,MAXIS-08-408-001,2,,,,,,,,,,,,,,,,,,,,,,,
MAXIS-08,CM,MAXIS-08-408-001,3,,,,,,,,,,,,,,,,,,,,,,,
MAXIS-08,CM,MAXIS-08-408-001,4,,,,,,,,,,,,,,,,,,,,,,,
MAXIS-08,CM,MAXIS-08-408-001,5,,,,,,,,,,,,,,,,,,,,,,,
MAXIS-08,CM,MAXIS-08-408-001,6,,,,,,,,,,,,,,,,,,,,,,,
MAXIS-08,CM,MAXIS-08-408-001,7,,,,,,,,,,,,,,,,,,,,,,,
MAXIS-08,CM,MAXIS-08-408-001,8,,,,,,,,,,,,,,,,,,,,,,,
MAXIS-08,CM,MAXIS-08-408-001,9,,,,,,,,,,,,,,,,,,,,,,,
MAXIS-08,CM,MAXIS-08-408-001,10,,,,,,,,,,,,,,,,,,,,,,,
MAXIS-08,CM,MAXIS-08-408-001,11,,,,,,,,,,,,,,,,,,,,,,,
MAXIS-08,CM,MAXIS-08-408-001,12,,,,,,,,,,,,,,,,,,,,,,,
MAXIS-08,CM,MAXIS-08-408-001,13,,,,,,,,,,,,,,,,,,,,,,,
MAXIS-08,CM,MAXIS-08-408-001,1,,,,,,,,,,,,,,,,,,,,,,,
MAXIS-08,CM,MAXIS-08-408-001,2,,,,,,,,,,,,,,,,,,,,,,,
MAXIS-08,CM,MAXIS-08-408-001,3,,,,,,,,,,,,,,,,,,,,,,,
MAXIS-08,CM,MAXIS-08-408-001,4,,,,,,,,,,,,,,,,,,,,,,,
MAXIS-08,CM,MAXIS-08-408-001,5,,,,,,,,,,,,,,,,,,,,,,,
MAXIS-08,CM,MAXIS-08-408-001,6,,,,,,,,,,,,,,,,,,,,,,,
MAXIS-08,CM,MAXIS-08-408-001,7,,,,,,,,,,,,,,,,,,,,,,,
MAXIS-08,CM,MAXIS-08-408-001,8,,,,,,,,,,,,,,,,,,,,,,,
MAXIS-08,CM,MAXIS-08-408-001,9,,,,,,,,,,,,,,,,,,,,,,,
MAXIS-08,CM,MAXIS-08-408-001,10,,,,,,,,,,,,,,,,,,,,,,,
MAXIS-08,CM,MAXIS-08-408-001,11,,,,,,,,,,,,,,,,,,,,,,,
MAXIS-08,CM,MAXIS-08-408-001,12,,,,,,,,,,,,,,,,,,,,,,,
MAXIS-08,CM,MAXIS-08-408-001,13,,,,,,,,,,,,,,,,,,,,,,,
MAXIS-08,CM,MAXIS-08-408-001,14,,,,,,,,,,,,,,,,,,,,,,,
MAXIS-08,CM,MAXIS-08-408-001,15,,,,,,,,,,,,,,,,,,,,,,,
MAXIS-08,CM,MAXIS-08-408-001,1,,,,,,,,,,,,,,,,,,,,,,,
MAXIS-08,CM,MAXIS-08-408-001,2,,,,,,,,,,,,,,,,,,,,,,,
MAXIS-08,CM,MAXIS-08-408-001,3,,,,,,,,,,,,,,,,,,,,,,,
MAXIS-08,CM,MAXIS-08-408-001,4,,,,,,,,,,,,,,,,,,,,,,,
MAXIS-08,CM,MAXIS-08-408-001,5,,,,,,,,,,,,,,,,,,,,,,,
MAXIS-08,CM,MAXIS-08-408-001,6,,,,,,,,,,,,,,,,,,,,,,,
MAXIS-08,CM,MAXIS-08-408-001,7,,,,,,,,,,,,,,,,,,,,,,,
MAXIS-08,CM,MAXIS-08-408-001,8,,,,,,,,,,,,,,,,,,,,,,,
MAXIS-08,CM,MAXIS-08-408-001,9,,,,,,,,,,,,,,,,,,,,,,,
MAXIS-08,CM,MAXIS-08-408-001,10,,,,,,,,,,,,,,,,,,,,,,,
MAXIS-08,CM,MAXIS-08-408-001,11,,,,,,,,,,,,,,,,,,,,,,,
MAXIS-08,CM,MAXIS-08-408-001,12,,,,,,,,,,,,,,,,,,,,,,,
MAXIS-08,CM,MAXIS-08-408-001,13,,,,,,,,,,,,,,,,,,,,,,,
MAXIS-08,CM,MAXIS-08-408-001,14,,,,,,,,,,,,,,,,,,,,,,,
MAXIS-08,CM,MAXIS-08-408-001,15,,,,,,,,,,,,,,,,,,,,,,,
MAXIS-08,CM,MAXIS-08-408-001,16,,,,,,,,,,,,,,,,,,,,,,,
MAXIS-08,CM,MAXIS-08-408-001,17,,,,,,,,,,,,,,,,,,,,,,,
MAXIS-08,CM,MAXIS-08-408-001,18,,,,,,,,,,,,,,,,,,,,,,,
MAXIS-08,CM,MAXIS-08-408-001,19,,,,,,,,,,,,,,,,,,,,,,,
MAXIS-08,CM,MAXIS-08-408-001,20,,,,,,,,,,,,,,,,,,,,,,,
MAXIS-08,CM,MAXIS-08-408-001,21,,,,,,,,,,,,,,,,,,,,,,,
MAXIS-08,CM,MAXIS-08-408-001,22,,,,,,,,,,,,,,,,,,,,,,,
MAXIS-08,CM,MAXIS-08-408-001,23,,,,,,,,,,,,,,,,,,,,,,,
MAXIS-08,CM,MAXIS-08-408-001,24,,,,,,,,,,,,,,,,,,,,,,,
MAXIS-08,CM,MAXIS-08-408-001,25,,,,,,,,,,,,,,,,,,,,,,,
MAXIS-08,CM,MAXIS-08-408-001,26,,,,,,,,,,,,,,,,,,,,,,,
MAXIS-08,CM,MAXIS-08-408-001,27,,,,,,,,,,,,,,,,,,,,,,,
MAXIS-08,CM,MAXIS-08-408-001,28,,,,,,,,,,,,,,,,,,,,,,,
MAXIS-08,CM,MAXIS-08-408-001,29,,,,,,,,,,,,,,,,,,,,,,,
MAXIS-08,CM,MAXIS-08-408-001,30,,,,,,,,,,,,,,,,,,,,,,,
MAXIS-08,CM,MAXIS-08-408-001,31,,,,,,,,,,,,,,,,,,,,,,,
MAXIS-08,CM,MAXIS-08-408-001,1,,,,,,,,,,,,,,,,,,,,,,,
MAXIS-08,CM,MAXIS-08-408-001,2,,,,,,,,,,,,,,,,,,,,,,,
MAXIS-08,CM,MAXIS-08-408-001,3,,,,,,,,,,,,,,,,,,,,,,,
MAXIS-08,CM,MAXIS-08-408-001,4,,,,,,,,,,,,,,,,,,,,,,,
MAXIS-08,CM,MAXIS-08-408-001,5,,,,,,,,,,,,,,,,,,,,,,,
MAXIS-08,CM,MAXIS-08-408-001,6,,,,,,,,,,,,,,,,,,,,,,,
MAXIS-08,CM,MAXIS-08-408-001,7,,,,,,,,,,,,,,,,,,,,,,,
MAXIS-08,CM,MAXIS-08-408-001,8,,,,,,,,,,,,,,,,,,,,,,,
MAXIS-08,CM,MAXIS-08-408-001,9,,,,,,,,,,,,,,,,,,,,,,,
MAXIS-08,CM,MAXIS-08-408-001,10,,,,,,,,,,,,,,,,,,,,,,,
MAXIS-08,CM,MAXIS-08-408-001,11,,,,,,,,,,,,,,,,,,,,,,,
MAXIS-08,CM,MAXIS-08-408-001,12,,,,,,,,,,,,,,,,,,,,,,,
MAXIS-08,CM,MAXIS-08-408-001,13,,,,,,,,,,,,,,,,,,,,,,,
MAXIS-08,CM,MAXIS-08-408-001,14,,,,,,,,,,,,,,,,,,,,,,,
MAXIS-08,CM,MAXIS-08-408-001,15,,,,,,,,,,,,,,,,,,,,,,,
MAXIS-08,CM,MAXIS-08-408-001,16,,,,,,,,,,,,,,,,,,,,,,,
MAXIS-08,CM,MAXIS-08-408-001,17,,,,,,,,,,,,,,,,,,,,,,,
MAXIS-08,CM,MAXIS-08-408-001,18,,,,,,,,,,,,,,,,,,,,,,,
MAXIS-08,CM,MAXIS-08-408-001,19,,,,,,,,,,,,,,,,,,,,,,,
MAXIS-08,CM,MAXIS-08-408-001,20,,,,,,,,,,,,,,,,,,,,,,,
MAXIS-08,CM,MAXIS-08-408-001,21,,,,,,,,,,,,,,,,,,,,,,,
MAXIS-08,CM,MAXIS-08-408-001,22,,,,,,,,,,,,,,,,,,,,,,,
MAXIS-08,CM,MAXIS-08-408-001,23,,,,,,,,,,,,,,,,,,,,,,,
MAXIS-08,CM,MAXIS-08-408-001,24,,,,,,,,,,,,,,,,,,,,,,,
MAXIS-08,CM,MAXIS-08-408-001,25,,,,,,,,,,,,,,,,,,,,,,,
MAXIS-08,CM,MAXIS-08-408-001,26,,,,,,,,,,,,,,,,,,,,,,,
MAXIS-08,CM,MAXIS-08-408-001,27,,,,,,,,,,,,,,,,,,,,,,,
MAXIS-08,CM,MAXIS-08-408-001,28,,,,,,,,,,,,,,,,,,,,,,,
MAXIS-08,CM,MAXIS-08-408-001,29,,,,,,,,,,,,,,,,,,,,,,,
MAXIS-08,CM,MAXIS-08-408-001,30,,,,,,,,,,,,,,,,,,,,,,,
MAXIS-08,CM,MAXIS-08-408-001,31,,,,,,,,,,,,,,,,,,,,,,,
MAXIS-08,CM,MAXIS-08-408-001,32,,,,,,,,,,,,,,,,,,,,,,,
MAXIS-08,CM,MAXIS-08-408-001,33,,,,,,,,,,,,,,,,,,,,,,,
MAXIS-08,CM,MAXIS-08-408-001,34,,,,,,,,,,,,,,,,,,,,,,,
MAXIS-08,CM,MAXIS-08-408-001,1,,,,,,,,,,,,,,,,,,,,,,,
MAXIS-08,CM,MAXIS-08-408-001,2,,,,,,,,,,,,,,,,,,,,,,,
MAXIS-08,CM,MAXIS-08-408-001,3,,,,,,,,,,,,,,,,,,,,,,,
MAXIS-08,CM,MAXIS-08-408-001,4,,,,,,,,,,,,,,,,,,,,,,,
MAXIS-08,CM,MAXIS-08-408-001,5,,,,,,,,,,,,,,,,,,,,,,,
MAXIS-08,CM,MAXIS-08-408-001,6,,,,,,,,,,,,,,,,,,,,,,,
MAXIS-08,CM,MAXIS-08-408-001,7,,,,,,,,,,,,,,,,,,,,,,,
MAXIS-08,CM,MAXIS-08-408-001,8,,,,,,,,,,,,,,,,,,,,,,,
MAXIS-08,CM,MAXIS-08-408-001,9,,,,,,,,,,,,,,,,,,,,,,,
MAXIS-08,CM,MAXIS-08-408-001,10,,,,,,,,,,,,,,,,,,,,,,,
MAXIS-08,CM,MAXIS-08-408-001,11,,,,,,,,,,,,,,,,,,,,,,,
MAXIS-08,CM,MAXIS-08-408-001,12,,,,,,,,,,,,,,,,,,,,,,,
MAXIS-08,CM,MAXIS-08-408-001,13,,,,,,,,,,,,,,,,,,,,,,,
MAXIS-08,CM,MAXIS-08-408-001,14,,,,,,,,,,,,,,,,,,,,,,,
MAXIS-08,CM,MAXIS-08-408-001,15,,,,,,,,,,,,,,,,,,,,,,,
MAXIS-08,CM,MAXIS-08-408-001,16,,,,,,,,,,,,,,,,,,,,,,,
MAXIS-08,CM,MAXIS-08-408-001,17,,,,,,,,,,,,,,,,,,,,,,,
MAXIS-08,CM,MAXIS-08-408-001,18,,,,,,,,,,,,,,,,,,,,,,,
MAXIS-08,CM,MAXIS-08-408-001,19,,,,,,,,,,,,,,,,,,,,,,,
MAXIS-08,CM,MAXIS-08-408-001,20,,,,,,,,,,,,,,,,,,,,,,,
MAXIS-08,CM,MAXIS-08-408-001,21,,,,,,,,,,,,,,,,,,,,,,,
MAXIS-08,CM,MAXIS-08-408-001,22,,,,,,,,,,,,,,,,,,,,,,,
MAXIS-08,CM,MAXIS-08-408-001,23,,,,,,,,,,,,,,,,,,,,,,,
MAXIS-08,CM,MAXIS-08-408-001,24,,,,,,,,,,,,,,,,,,,,,,,
MAXIS-08,CM,MAXIS-08-408-001,25,,,,,,,,,,,,,,,,,,,,,,,
MAXIS-08,CM,MAXIS-08-408-001,26,,,,,,,,,,,,,,,,,,,,,,,
MAXIS-08,CM,MAXIS-08-408-001,27,,,,,,,,,,,,,,,,,,,,,,,
MAXIS-08,CM,MAXIS-08-408-001,28,,,,,,,,,,,,,,,,,,,,,,,
MAXIS-08,CM,MAXIS-08-408-001,29,,,,,,,,,,,,,,,,,,,,,,,
MAXIS-08,CM,MAXIS-08-408-001,30,,,,,,,,,,,,,,,,,,,,,,,
MAXIS-08,CM,MAXIS-08-408-001,31,,,,,,,,,,,,,,,,,,,,,,,
MAXIS-08,CM,MAXIS-08-408-001,32,,,,,,,,,,,,,,,,,,,,,,,
MAXIS-08,CM,MAXIS-08-408-001,33,,,,,,,,,,,,,,,,,,,,,,,
MAXIS-08,CM,MAXIS-08-408-001,34,,,,,,,,,,,,,,,,,,,,,,,
MAXIS-08,CM,MAXIS-08-408-001,35,,,,,,,,,,,,,,,,,,,,,,,
MAXIS-08,CM,MAXIS-08-408-001,36,,,,,,,,,,,,,,,,,,,,,,,
MAXIS-08,CM,MAXIS-08-408-001,37,,,,,,,,,,,,,,,,,,,,,,,
MAXIS-08,CM,MAXIS-08-408-001,38,,,,,,,,,,,,,,,,,,,,,,,
MAXIS-08,CM,MAXIS-08-408-001,39,,,,,,,,,,,,,,,,,,,,,,,
MAXIS-08,CM,MAXIS-08-408-001,40,,,,,,,,,,,,,,,,,,,,,,,
MAXIS-08,CM,MAXIS-08-408-001,1,,,,,,,,,,,,,,,,,,,,,,,
MAXIS-08,CM,MAXIS-08-408-001,2,,,,,,,,,,,,,,,,,,,,,,,
MAXIS-08,CM,MAXIS-08-408-001,3,,,,,,,,,,,,,,,,,,,,,,,
MAXIS-08,CM,MAXIS-08-408-001,4,,,,,,,,,,,,,,,,,,,,,,,
MAXIS-08,CM,MAXIS-08-408-001,5,,,,,,,,,,,,,,,,,,,,,,,
MAXIS-08,CM,MAXIS-08-408-001,6,,,,,,,,,,,,,,,,,,,,,,,
MAXIS-08,CM,MAXIS-08-408-001,7,,,,,,,,,,,,,,,,,,,,,,,
MAXIS-08,CM,MAXIS-08-408-001,8,,,,,,,,,,,,,,,,,,,,,,,
MAXIS-08,CM,MAXIS-08-408-001,9,,,,,,,,,,,,,,,,,,,,,,,
MAXIS-08,CM,MAXIS-08-408-001,10,,,,,,,,,,,,,,,,,,,,,,,
MAXIS-08,CM,MAXIS-08-408-001,11,,,,,,,,,,,,,,,,,,,,,,,
MAXIS-08,CM,MAXIS-08-408-001,12,,,,,,,,,,,,,,,,,,,,,,,
MAXIS-08,CM,MAXIS-08-408-001,13,,,,,,,,,,,,,,,,,,,,,,,
MAXIS-08,CM,MAXIS-08-408-001,14,,,,,,,,,,,,,,,,,,,,,,,
MAXIS-08,CM,MAXIS-08-408-001,15,,,,,,,,,,,,,,,,,,,,,,,
MAXIS-08,CM,MAXIS-08-408-001,16,,,,,,,,,,,,,,,,,,,,,,,
MAXIS-08,CM,MAXIS-08-408-001,17,,,,,,,,,,,,,,,,,,,,,,,
MAXIS-08,CM,MAXIS-08-408-001,18,,,,,,,,,,,,,,,,,,,,,,,
MAXIS-08,CM,MAXIS-08-408-001,19,,,,,,,,,,,,,,,,,,,,,,,
MAXIS-08,CM,MAXIS-08-408-001,20,,,,,,,,,,,,,,,,,,,,,,,
MAXIS-08,CM,MAXIS-08-408-001,21,,,,,,,,,,,,,,,,,,,,,,,
MAXIS-08,CM,MAXIS-08-408-001,22,,,,,,,,,,,,,,,,,,,,,,,
MAXIS-08,CM,MAXIS-08-408-001,23,,,,,,,,,,,,,,,,,,,,,,,
MAXIS-08,CM,MAXIS-08-408-001,24,,,,,,,,,,,,,,,,,,,,,,,
MAXIS-08,CM,MAXIS-08-408-001,1,,,,,,,,,,,,,,,,,,,,,,,
MAXIS-08,CM,MAXIS-08-408-001,2,,,,,,,,,,,,,,,,,,,,,,,
MAXIS-08,CM,MAXIS-08-408-001,3,,,,,,,,,,,,,,,,,,,,,,,
MAXIS-08,CM,MAXIS-08-408-001,4,,,,,,,,,,,,,,,,,,,,,,,
MAXIS-08,CM,MAXIS-08-408-001,5,,,,,,,,,,,,,,,,,,,,,,,
MAXIS-08,CM,MAXIS-08-408-001,6,,,,,,,,,,,,,,,,,,,,,,,
MAXIS-08,CM,MAXIS-08-408-001,7,,,,,,,,,,,,,,,,,,,,,,,
MAXIS-08,CM,MAXIS-08-408-001,8,,,,,,,,,,,,,,,,,,,,,,,
MAXIS-08,CM,MAXIS-08-408-001,9,,,,,,,,,,,,,,,,,,,,,,,
MAXIS-08,CM,MAXIS-08-408-001,10,,,,,,,,,,,,,,,,,,,,,,,
MAXIS-08,CM,MAXIS-08-408-001,11,,,,,,,,,,,,,,,,,,,,,,,
MAXIS-08,CM,MAXIS-08-408-001,1,,,,,,,,,,,,,,,,,,,,,,,
MAXIS-08,CM,MAXIS-08-408-001,2,,,,,,,,,,,,,,,,,,,,,,,
MAXIS-08,CM,MAXIS-08-408-001,3,,,,,,,,,,,,,,,,,,,,,,,
MAXIS-08,CM,MAXIS-08-408-001,4,,,,,,,,,,,,,,,,,,,,,,,
MAXIS-08,CM,MAXIS-08-408-001,5,,,,,,,,,,,,,,,,,,,,,,,
MAXIS-08,CM,MAXIS-08-408-001,6,,,,,,,,,,,,,,,,,,,,,,,
MAXIS-08,CM,MAXIS-08-408-001,7,,,,,,,,,,,,,,,,,,,,,,,
MAXIS-08,CM,MAXIS-08-408-001,8,,,,,,,,,,,,,,,,,,,,,,,
MAXIS-08,CM,MAXIS-08-408-001,1,,,,,,,,,,,,,,,,,,,,,,,
MAXIS-08,CM,MAXIS-08-408-001,2,,,,,,,,,,,,,,,,,,,,,,,
MAXIS-08,CM,MAXIS-08-408-001,3,,,,,,,,,,,,,,,,,,,,,,,
MAXIS-08,CM,MAXIS-08-408-001,4,,,,,,,,,,,,,,,,,,,,,,,
MAXIS-08,CM,MAXIS-08-408-001,5,,,,,,,,,,,,,,,,,,,,,,,
MAXIS-08,CM,MAXIS-08-408-001,6,,,,,,,,,,,,,,,,,,,,,,,
MAXIS-08,CM,MAXIS-08-408-001,7,,,,,,,,,,,,,,,,,,,,,,,
MAXIS-08,CM,MAXIS-08-408-001,8,,,,,,,,,,,,,,,,,,,,,,,
MAXIS-08,CM,MAXIS-08-408-001,9,,,,,,,,,,,,,,,,,,,,,,,
