STUDYID,DOMAIN,USUBJID,COSEQ
MAXIS-08,CO,MAXIS-08-408-001,1
MAXIS-08,CO,MAXIS-08-408-001,2
MAXIS-08,CO,MAXIS-08-408-001,3
MAXIS-08,CO,MAXIS-08-408-001,4
MAXIS-08,CO,MAXIS-08-408-001,5
MAXIS-08,CO,MAXIS-08-408-001,6
MAXIS-08,CO,MAXIS-08-408-001,7
MAXIS-08,CO,MAXIS-08-408-001,8
MAXIS-08,CO,MAXIS-08-408-001,9
MAXIS-08,CO,MAXIS-08-408-001,10
MAXIS-08,CO,MAXIS-08-408-001,11
MAXIS-08,CO,MAXIS-08-408-001,12
MAXIS-08,CO,MAXIS-08-408-001,13
MAXIS-08,CO,MAXIS-08-408-001,1
MAXIS-08,CO,MAXIS-08-408-001,2
MAXIS-08,CO,MAXIS-08-408-001,3
MAXIS-08,CO,MAXIS-08-408-001,4
MAXIS-08,CO,MAXIS-08-408-001,5
MAXIS-08,CO,MAXIS-08-408-001,6
MAXIS-08,CO,MAXIS-08-408-001,1
MAXIS-08,CO,MAXIS-08-408-001,2
MAXIS-08,CO,MAXIS-08-408-001,3
MAXIS-08,CO,MAXIS-08-408-001,4
MAXIS-08,CO,MAXIS-08-408-001,5
MAXIS-08,CO,MAXIS-08-408-001,6
MAXIS-08,CO,MAXIS-08-408-001,7
MAXIS-08,CO,MAXIS-08-408-001,1
MAXIS-08,CO,MAXIS-08-408-001,2
MAXIS-08,CO,MAXIS-08-408-001,3
MAXIS-08,CO,MAXIS-08-408-001,4
MAXIS-08,CO,MAXIS-08-408-001,5
MAXIS-08,CO,MAXIS-08-408-001,6
MAXIS-08,CO,MAXIS-08-408-001,7
MAXIS-08,CO,MAXIS-08-408-001,8
MAXIS-08,CO,MAXIS-08-408-001,9
MAXIS-08,CO,MAXIS-08-408-001,10
MAXIS-08,CO,MAXIS-08-408-001,11
MAXIS-08,CO,MAXIS-08-408-001,12
MAXIS-08,CO,MAXIS-08-408-001,1
MAXIS-08,CO,MAXIS-08-408-001,2
MAXIS-08,CO,MAXIS-08-408-001,3
MAXIS-08,CO,MAXIS-08-408-001,4
MAXIS-08,CO,MAXIS-08-408-001,5
MAXIS-08,CO,MAXIS-08-408-001,6
MAXIS-08,CO,MAXIS-08-408-001,1
MAXIS-08,CO,MAXIS-08-408-001,2
MAXIS-08,CO,MAXIS-08-408-001,3
MAXIS-08,CO,MAXIS-08-408-001,4
MAXIS-08,CO,MAXIS-08-408-001,5
MAXIS-08,CO,MAXIS-08-408-001,6
MAXIS-08,CO,MAXIS-08-408-001,7
MAXIS-08,CO,MAXIS-08-408-001,8
MAXIS-08,CO,MAXIS-08-408-001,9
MAXIS-08,CO,MAXIS-08-408-001,10
MAXIS-08,CO,MAXIS-08-408-001,11
MAXIS-08,CO,MAXIS-08-408-001,12
MAXIS-08,CO,MAXIS-08-408-001,13
MAXIS-08,CO,MAXIS-08-408-001,14
MAXIS-08,CO,MAXIS-08-408-001,15
MAXIS-08,CO,MAXIS-08-408-001,16
MAXIS-08,CO,MAXIS-08-408-001,17
MAXIS-08,CO,MAXIS-08-408-001,18
MAXIS-08,CO,MAXIS-08-408-001,1
MAXIS-08,CO,MAXIS-08-408-001,2
MAXIS-08,CO,MAXIS-08-408-001,3
MAXIS-08,CO,MAXIS-08-408-001,4
MAXIS-08,CO,MAXIS-08-408-001,5
MAXIS-08,CO,MAXIS-08-408-001,6
MAXIS-08,CO,MAXIS-08-408-001,7
MAXIS-08,CO,MAXIS-08-408-001,8
MAXIS-08,CO,MAXIS-08-408-001,9
MAXIS-08,CO,MAXIS-08-408-001,1
MAXIS-08,CO,MAXIS-08-408-001,2
MAXIS-08,CO,MAXIS-08-408-001,3
MAXIS-08,CO,MAXIS-08-408-001,4
MAXIS-08,CO,MAXIS-08-408-001,5
MAXIS-08,CO,MAXIS-08-408-001,6
MAXIS-08,CO,MAXIS-08-408-001,1
MAXIS-08,CO,MAXIS-08-408-001,2
MAXIS-08,CO,MAXIS-08-408-001,3
MAXIS-08,CO,MAXIS-08-408-001,4
MAXIS-08,CO,MAXIS-08-408-001,5
MAXIS-08,CO,MAXIS-08-408-001,6
MAXIS-08,CO,MAXIS-08-408-001,7
MAXIS-08,CO,MAXIS-08-408-001,8
MAXIS-08,CO,MAXIS-08-408-001,9
MAXIS-08,CO,MAXIS-08-408-001,10
MAXIS-08,CO,MAXIS-08-408-001,11
MAXIS-08,CO,MAXIS-08-408-001,12
MAXIS-08,CO,MAXIS-08-408-001,13
MAXIS-08,CO,MAXIS-08-408-001,1
MAXIS-08,CO,MAXIS-08-408-001,2
MAXIS-08,CO,MAXIS-08-408-001,3
MAXIS-08,CO,MAXIS-08-408-001,4
MAXIS-08,CO,MAXIS-08-408-001,5
MAXIS-08,CO,MAXIS-08-408-001,6
MAXIS-08,CO,MAXIS-08-408-001,7
MAXIS-08,CO,MAXIS-08-408-001,8
MAXIS-08,CO,MAXIS-08-408-001,9
MAXIS-08,CO,MAXIS-08-408-001,10
MAXIS-08,CO,MAXIS-08-408-001,11
MAXIS-08,CO,MAXIS-08-408-001,12
MAXIS-08,CO,MAXIS-08-408-001,13
MAXIS-08,CO,MAXIS-08-408-001,14
MAXIS-08,CO,MAXIS-08-408-001,15
MAXIS-08,CO,MAXIS-08-408-001,16
MAXIS-08,CO,MAXIS-08-408-001,17
MAXIS-08,CO,MAXIS-08-408-001,18
MAXIS-08,CO,MAXIS-08-408-001,19
MAXIS-08,CO,MAXIS-08-408-001,20
MAXIS-08,CO,MAXIS-08-408-001,1
MAXIS-08,CO,MAXIS-08-408-001,2
MAXIS-08,CO,MAXIS-08-408-001,3
MAXIS-08,CO,MAXIS-08-408-001,4
MAXIS-08,CO,MAXIS-08-408-001,5
MAXIS-08,CO,MAXIS-08-408-001,6
MAXIS-08,CO,MAXIS-08-408-001,7
MAXIS-08,CO,MAXIS-08-408-001,8
MAXIS-08,CO,MAXIS-08-408-001,9
MAXIS-08,CO,MAXIS-08-408-001,10
MAXIS-08,CO,MAXIS-08-408-001,11
MAXIS-08,CO,MAXIS-08-408-001,12
MAXIS-08,CO,MAXIS-08-408-001,13
MAXIS-08,CO,MAXIS-08-408-001,14
MAXIS-08,CO,MAXIS-08-408-001,15
MAXIS-08,CO,MAXIS-08-408-001,16
MAXIS-08,CO,MAXIS-08-408-001,1
MAXIS-08,CO,MAXIS-08-408-001,2
MAXIS-08,CO,MAXIS-08-408-001,3
MAXIS-08,CO,MAXIS-08-408-001,4
MAXIS-08,CO,MAXIS-08-408-001,5
MAXIS-08,CO,MAXIS-08-408-001,6
MAXIS-08,CO,MAXIS-08-408-001,1
MAXIS-08,CO,MAXIS-08-408-001,2
MAXIS-08,CO,MAXIS-08-408-001,3
MAXIS-08,CO,MAXIS-08-408-001,4
MAXIS-08,CO,MAXIS-08-408-001,5
MAXIS-08,CO,MAXIS-08-408-001,6
MAXIS-08,CO,MAXIS-08-408-001,7
MAXIS-08,CO,MAXIS-08-408-001,1
MAXIS-08,CO,MAXIS-08-408-001,2
MAXIS-08,CO,MAXIS-08-408-001,3
MAXIS-08,CO,MAXIS-08-408-001,4
MAXIS-08,CO,MAXIS-08-408-001,5
MAXIS-08,CO,MAXIS-08-408-001,6
MAXIS-08,CO,MAXIS-08-408-001,7
MAXIS-08,CO,MAXIS-08-408-001,8
MAXIS-08,CO,MAXIS-08-408-001,9
MAXIS-08,CO,MAXIS-08-408-001,10
MAXIS-08,CO,MAXIS-08-408-001,11
MAXIS-08,CO,MAXIS-08-408-001,12
MAXIS-08,CO,MAXIS-08-408-001,13
MAXIS-08,CO,MAXIS-08-408-001,14
MAXIS-08,CO,MAXIS-08-408-001,1
MAXIS-08,CO,MAXIS-08-408-001,2
MAXIS-08,CO,MAXIS-08-408-001,3
MAXIS-08,CO,MAXIS-08-408-001,4
MAXIS-08,CO,MAXIS-08-408-001,5
MAXIS-08,CO,MAXIS-08-408-001,6
MAXIS-08,CO,MAXIS-08-408-001,7
MAXIS-08,CO,MAXIS-08-408-001,8
MAXIS-08,CO,MAXIS-08-408-001,9
MAXIS-08,CO,MAXIS-08-408-001,10
MAXIS-08,CO,MAXIS-08-408-001,1
MAXIS-08,CO,MAXIS-08-408-001,2
MAXIS-08,CO,MAXIS-08-408-001,3
MAXIS-08,CO,MAXIS-08-408-001,4
MAXIS-08,CO,MAXIS-08-408-001,5
MAXIS-08,CO,MAXIS-08-408-001,6
MAXIS-08,CO,MAXIS-08-408-001,7
MAXIS-08,CO,MAXIS-08-408-001,8
MAXIS-08,CO,MAXIS-08-408-001,9
