STUDYID,DOMAIN,USUBJID,EGSEQ
MAXIS-08,EG,MAXIS-08-408-001,1
MAXIS-08,EG,MAXIS-08-408-001,2
MAXIS-08,EG,MAXIS-08-408-001,3
MAXIS-08,EG,MAXIS-08-408-001,1
MAXIS-08,EG,MAXIS-08-408-001,2
MAXIS-08,EG,MAXIS-08-408-001,3
MAXIS-08,EG,MAXIS-08-408-001,1
MAXIS-08,EG,MAXIS-08-408-001,2
MAXIS-08,EG,MAXIS-08-408-001,3
MAXIS-08,EG,MAXIS-08-408-001,1
MAXIS-08,EG,MAXIS-08-408-001,2
MAXIS-08,EG,MAXIS-08-408-001,3
MAXIS-08,EG,MAXIS-08-408-001,4
MAXIS-08,EG,MAXIS-08-408-001,5
MAXIS-08,EG,MAXIS-08-408-001,6
MAXIS-08,EG,MAXIS-08-408-001,7
MAXIS-08,EG,MAXIS-08-408-001,1
MAXIS-08,EG,MAXIS-08-408-001,2
MAXIS-08,EG,MAXIS-08-408-001,3
MAXIS-08,EG,MAXIS-08-408-001,1
MAXIS-08,EG,MAXIS-08-408-001,2
MAXIS-08,EG,MAXIS-08-408-001,3
MAXIS-08,EG,MAXIS-08-408-001,4
MAXIS-08,EG,MAXIS-08-408-001,1
MAXIS-08,EG,MAXIS-08-408-001,2
MAXIS-08,EG,MAXIS-08-408-001,3
MAXIS-08,EG,MAXIS-08-408-001,1
MAXIS-08,EG,MAXIS-08-408-001,2
MAXIS-08,EG,MAXIS-08-408-001,3
MAXIS-08,EG,MAXIS-08-408-001,1
MAXIS-08,EG,MAXIS-08-408-001,2
MAXIS-08,EG,MAXIS-08-408-001,3
MAXIS-08,EG,MAXIS-08-408-001,1
MAXIS-08,EG,MAXIS-08-408-001,2
MAXIS-08,EG,MAXIS-08-408-001,3
MAXIS-08,EG,MAXIS-08-408-001,4
MAXIS-08,EG,MAXIS-08-408-001,5
MAXIS-08,EG,MAXIS-08-408-001,6
MAXIS-08,EG,MAXIS-08-408-001,1
MAXIS-08,EG,MAXIS-08-408-001,2
MAXIS-08,EG,MAXIS-08-408-001,3
MAXIS-08,EG,MAXIS-08-408-001,4
MAXIS-08,EG,MAXIS-08-408-001,5
MAXIS-08,EG,MAXIS-08-408-001,6
MAXIS-08,EG,MAXIS-08-408-001,1
MAXIS-08,EG,MAXIS-08-408-001,2
MAXIS-08,EG,MAXIS-08-408-001,3
MAXIS-08,EG,MAXIS-08-408-001,1
MAXIS-08,EG,MAXIS-08-408-001,2
MAXIS-08,EG,MAXIS-08-408-001,3
MAXIS-08,EG,MAXIS-08-408-001,1
MAXIS-08,EG,MAXIS-08-408-001,2
MAXIS-08,EG,MAXIS-08-408-001,3
MAXIS-08,EG,MAXIS-08-408-001,4
MAXIS-08,EG,MAXIS-08-408-001,1
MAXIS-08,EG,MAXIS-08-408-001,2
MAXIS-08,EG,MAXIS-08-408-001,3
MAXIS-08,EG,MAXIS-08-408-001,1
MAXIS-08,EG,MAXIS-08-408-001,2
MAXIS-08,EG,MAXIS-08-408-001,3
