STUDYID,DOMAIN,USUBJID,PCSEQ
MAXIS-08,PC,MAXIS-08-408-001,1
MAXIS-08,PC,MAXIS-08-408-001,1
MAXIS-08,PC,MAXIS-08-408-001,1
MAXIS-08,PC,MAXIS-08-408-001,1
MAXIS-08,PC,MAXIS-08-408-001,1
MAXIS-08,PC,MAXIS-08-408-001,1
MAXIS-08,PC,MAXIS-08-408-001,1
MAXIS-08,PC,MAXIS-08-408-001,1
MAXIS-08,PC,MAXIS-08-408-001,1
MAXIS-08,PC,MAXIS-08-408-001,1
MAXIS-08,PC,MAXIS-08-408-001,1
MAXIS-08,PC,MAXIS-08-408-001,1
MAXIS-08,PC,MAXIS-08-408-001,1
MAXIS-08,PC,MAXIS-08-408-001,1
MAXIS-08,PC,MAXIS-08-408-001,1
MAXIS-08,PC,MAXIS-08-408-001,1
